lambda,gamma,accuracy,AUC,MSE,DPD,EOD,consistency,generalized_entropy_error
1.0,0.01,0.8120854826823877,0.8316428865507479,0.13931918564252085,0.13517848717698766,0.11721261092982095,0.984112011790715,0.11072890694353277
