site,lambda,acc,auc,mse,dpd,eod,consistency,generalized_entropy_error
2,0.0,0.8146837682441398,0.8506488633165515,0.128957104171353,0.15041786387775577,0.20527472527472523,0.9888544891640867,0.10719696718303945
2,5.0,0.8124723573639983,0.8536039275774727,0.12973128580208268,0.14101264359967014,0.21508386350491612,0.9891198584697036,0.10979061377792425
2,10.0,0.8129146395400265,0.8488648800775509,0.13268455956154238,0.1310059724855941,0.20034702139965296,0.9903582485625829,0.1102757798721342
2,15.0,0.8129146395400265,0.8499900976682615,0.1326422211334316,0.1310059724855941,0.20034702139965296,0.9903582485625829,0.1102757798721342
2,20.0,0.8098186643078283,0.8499437130616967,0.13380437058998845,0.12887331711954952,0.19706188548293813,0.9901813356921716,0.11324979114452792
