site,lambda,acc,auc,mse,dpd,eod,consistency,generalized_entropy_error
4,0.0,0.8234080188679245,0.8477603778064166,0.1269871846548675,0.1533781406360888,0.18114043925045337,0.9909787735849057,0.10245012228257251
4,5.0,0.823997641509434,0.8518861587796844,0.1255756732662371,0.15250743972185282,0.18114043925045337,0.9900943396226415,0.1021524905912608
4,10.0,0.8225235849056604,0.8513774427788706,0.12709005256308514,0.14693296596911198,0.17402899100401797,0.991627358490566,0.10365277722617565
4,15.0,0.8225235849056604,0.8517787631795126,0.12739855157836433,0.13578401846363033,0.16685828068886227,0.991627358490566,0.10474659463508096
4,20.0,0.8225235849056604,0.8518545995463006,0.12816749918775375,0.13452050818717287,0.17244076756231408,0.9908608490566038,0.10490666666666672
4,25.0,0.8216391509433962,0.8511753694785473,0.12922631177870872,0.13273656526380448,0.1598060945111472,0.9924528301886792,0.10549870963990331
4,30.0,0.8204599056603774,0.8476779469729514,0.1319889471198667,0.13234375590158295,0.16397814414905598,0.9923938679245283,0.1063608518370907
4,35.0,0.8186910377358491,0.8474796419393008,0.13222951337360042,0.12799025133040318,0.1526946462647118,0.992688679245283,0.1077655726987815
