site,lambda,acc,auc,mse,dpd,eod,consistency,generalized_entropy_error
1,0.0,0.8307783018867925,0.8539149471692041,0.1235241342214446,0.13913429998597152,0.06260325406758448,0.9840801886792453,0.09613882754734732
1,5.0,0.8301886792452831,0.86297054700089,0.12088931089371147,0.13741777962022184,0.0670794633642931,0.9850235849056603,0.09682397023545962
1,10.0,0.8290094339622641,0.8612699557691151,0.12370756301057076,0.13154787893881525,0.10490196078431374,0.9870283018867925,0.09928455908555145
1,15.0,0.8295990566037735,0.8563039191162355,0.12643804846106174,0.13066991581326654,0.10490196078431374,0.9869103773584905,0.09897869778177475
1,20.0,0.8295990566037735,0.8599048289422401,0.12518699218527085,0.13066991581326654,0.10490196078431374,0.9869103773584905,0.09897869778177475
1,25.0,0.8066037735849056,0.8643589430350415,0.125854129278846,0.0591104042570966,0.042311661506707954,0.9893867924528302,0.11928111131619722
