site,lambda,acc,auc,mse,dpd,eod,consistency,generalized_entropy_error
0,0.0,0.8364279398762158,0.8557816482582837,0.12475149179697466,0.18189942068285467,0.1728723404255319,0.9817860300618921,0.09414577704820858
0,5.0,0.8346595932802829,0.8582412914188615,0.1249475320722933,0.16823821849706233,0.1473404255319149,0.983554376657825,0.09603819207638416
0,10.0,0.8355437665782494,0.8620178419711131,0.1241238842438082,0.1668720982784831,0.1473404255319149,0.9816091954022989,0.09556650246305419
0,15.0,0.8284703801945181,0.8601146983857264,0.12629445973026526,0.15936357286659272,0.18829787234042555,0.983554376657825,0.1010547893664777
