site,lambda,acc,auc,mse,dpd,eod,consistency,generalized_entropy_error
3,0.0,0.8252564556066502,0.8559705151454093,0.1263204445997186,0.18906317471889633,0.2344565733270052,0.9901662539794835,0.0999485149832439
3,5.0,0.8217191368942341,0.8695402646248909,0.12146169583824554,0.18105880043742814,0.2112007593735169,0.99115670321896,0.10281872684299544
3,10.0,0.8206579412805094,0.869433474377057,0.12227825995185268,0.1794605052855901,0.20621737066919793,0.9912274495932083,0.10358498073582362
